"cluster","AUC_GLU_2P","BMI","HDL","HIP","INS_0_miU","ISI","SECR_STUM","TG","WAIST"
"1",-0.435370694958555,-0.475078055577181,-0.139569767358487,-0.454779909778583,-0.36891385570187,-0.0916020989389229,-0.164205376085209,-0.278461225446248,-0.578502227611596
"2",-0.590137315721136,-1.19558315877821,1.08028766316849,-1.0155914874493,-0.806205426732539,1.0004607689127,-0.525092000705528,-0.69946078604723,-1.22426373044226
"3",0.699259441334097,-0.244396793019774,-0.101034097994176,-0.161073171490764,-0.281585393074895,-0.449051870561083,-0.5486454782232,-0.129246191309191,-0.00719825888525159
"4",-0.666535364207622,0.16458321720147,-0.396364538284843,0.343869469757464,-0.437959893233028,0.272424600188302,-0.238276235209067,-0.406359826135154,0.135985914239103
"5",1.25042846667344,0.691989432703532,-0.762265652496352,0.596670062071832,0.666776707265505,-0.967275164143331,0.379637099707493,0.488930378687187,0.923498866423051
"6",0.142510585817014,0.776976507847322,-0.322531928212176,0.693445144467775,0.579682653680478,-0.861303712916995,0.434944443605462,0.0708568324353552,0.780314693298696
